i_city,i_thread,elapsed_time
3,1,0.0138212
4,1,0.001784
5,1,0.0015218
6,1,0.0019125
7,1,0.0067006
8,1,0.0409572
3,2,0.0020069
4,2,0.0349519
5,2,0.0059234
6,2,0.0032074
7,2,0.0094977
8,2,0.0574069
3,3,0.0026502
4,3,0.0016903
5,3,0.0052658
6,3,0.003351
7,3,0.0098634
8,3,0.0586551
