i_avg,i_city,i_thread,elapsed_time
0,12,1,2.04022
0,12,2,1.30548
0,12,4,0.907087
0,12,6,0.877393
0,12,8,0.870304
0,12,10,0.853601
